{"stat.useItem.61":1,"stat.useItem.359":12,"stat.leaveGame":8,"stat.mineBlock.13":18,"stat.mineBlock.16":19,"stat.mineBlock.15":4,"stat.mineBlock.18":8,"stat.mineBlock.17":6,"stat.useItem.72":1,"stat.jump":457,"stat.swimOneCm":2057,"stat.fallOneCm":9329,"achievement.exploreAllBiomes":{"value":0,"progress":["ForestHills","Forest","River","Plains","Extreme Hills"]},"stat.craftItem.364":11,"stat.craftItem.5":58,"stat.damageTaken":5815,"stat.mineBlock.3":996,"stat.mineBlock.1":367,"stat.mineBlock.61":1,"stat.craftItem.359":1,"stat.useItem.54":21,"stat.flyOneCm":9421,"stat.useItem.50":88,"stat.entityKilledBy.Zombie":2,"stat.damageDealt":1010,"stat.killEntity.Cow":1,"stat.mineBlock.72":1,"stat.useItem.58":2,"stat.useItem.274":153,"stat.useItem.273":209,"stat.useItem.275":15,"stat.walkOneCm":506408,"stat.craftItem.265":21,"stat.craftItem.267":1,"stat.playerKills":2,"stat.mineBlock.175":6,"stat.craftItem.258":1,"stat.mineBlock.58":2,"stat.useItem.324":1,"stat.craftItem.257":4,"stat.useItem.323":10,"achievement.mineWood":7,"stat.mineBlock.50":5,"stat.mineBlock.54":9,"stat.killEntity.Skeleton":1,"stat.breakItem.270":1,"stat.useItem.257":208,"stat.craftItem.323":24,"achievement.openInventory":46,"stat.craftItem.280":150,"stat.killEntity.Spider":1,"stat.mobKills":6,"stat.entityKilledBy.Creeper":1,"stat.craftItem.273":1,"stat.mineBlock.38":2,"stat.useItem.6":1,"stat.deaths":6,"stat.drop":94,"stat.playOneMinute":145156,"stat.craftItem.50":286,"stat.useItem.4":15,"stat.craftItem.270":1,"stat.craftItem.54":14,"stat.useItem.3":244,"stat.killEntity.Zombie":3,"stat.useItem.270":56,"stat.mineBlock.31":136,"stat.diveOneCm":3965,"stat.useItem.272":70,"stat.useItem.271":6}