{"stat.useItem.61":1,"achievement.buildHoe":2,"stat.craftItem.61":1,"stat.mineBlock.13":32,"stat.mineBlock.16":100,"stat.mineBlock.15":11,"stat.mineBlock.18":28,"stat.mineBlock.17":20,"stat.jump":818,"stat.swimOneCm":6800,"stat.fallOneCm":21078,"stat.craftItem.291":2,"achievement.buildWorkBench":1,"stat.craftItem.324":2,"achievement.exploreAllBiomes":{"value":0,"progress":["ForestHills","Forest","River","Plains"]},"stat.craftItem.366":3,"stat.craftItem.5":180,"stat.damageTaken":2485,"stat.mineBlock.4":14,"stat.mineBlock.3":216,"stat.mineBlock.1":239,"stat.flyOneCm":2574,"stat.useItem.50":8,"achievement.buildPickaxe":9,"stat.killEntity.Witch":1,"stat.damageDealt":2565,"achievement.buildBetterPickaxe":8,"stat.killEntity.Pig":2,"stat.useItem.58":1,"stat.useItem.274":397,"stat.useItem.273":230,"stat.killEntity.Bat":1,"stat.useItem.275":41,"stat.walkOneCm":395779,"stat.mineBlock.175":9,"stat.entityKilledBy.Skeleton":2,"achievement.buildSword":4,"achievement.mineWood":23,"stat.killEntity.Squid":1,"stat.killEntity.Skeleton":1,"stat.breakItem.274":3,"achievement.openInventory":61,"stat.breakItem.273":1,"stat.killEntity.Chicken":10,"stat.craftItem.280":88,"stat.mobKills":22,"achievement.killEnemy":6,"stat.craftItem.272":4,"stat.craftItem.273":4,"achievement.buildFurnace":1,"stat.craftItem.274":8,"stat.craftItem.58":1,"stat.mineBlock.38":5,"stat.deaths":5,"stat.craftItem.275":4,"stat.mineBlock.37":1,"stat.drop":114,"stat.mineBlock.39":5,"stat.playOneMinute":121771,"stat.craftItem.50":38,"stat.useItem.4":49,"stat.useItem.5":1,"stat.craftItem.270":1,"stat.useItem.3":152,"stat.killEntity.Zombie":4,"stat.useItem.270":32,"stat.mineBlock.31":112,"stat.diveOneCm":7798,"stat.useItem.272":45}