{"stat.killEntity.EntityHorse":2,"achievement.buildHoe":2,"stat.mineBlock.86":3,"stat.mineBlock.13":2,"stat.mineBlock.16":65,"stat.mineBlock.15":6,"stat.mineBlock.18":197,"stat.mineBlock.17":257,"stat.useItem.72":2,"stat.jump":1082,"stat.swimOneCm":7213,"stat.fallOneCm":21699,"stat.craftItem.72":2,"stat.craftItem.290":2,"achievement.buildWorkBench":1,"stat.mineBlock.143":1,"achievement.killCow":5,"stat.craftItem.324":1,"achievement.exploreAllBiomes":{"value":0,"progress":["ForestHills","Forest","River","Plains"]},"stat.craftItem.366":6,"stat.craftItem.5":852,"stat.damageTaken":5650,"stat.mineBlock.5":1,"stat.mineBlock.3":422,"stat.mineBlock.1":312,"stat.useItem.54":4,"stat.flyOneCm":7478,"stat.useItem.50":37,"achievement.buildPickaxe":6,"stat.entityKilledBy.Zombie":2,"stat.damageDealt":6285,"achievement.buildBetterPickaxe":4,"stat.killEntity.Cow":6,"stat.killEntity.Pig":7,"stat.useItem.58":1,"stat.useItem.274":304,"stat.useItem.273":190,"stat.useItem.275":228,"stat.craftItem.143":1,"stat.walkOneCm":798558,"stat.craftItem.268":1,"stat.mineBlock.175":15,"stat.useItem.324":4,"stat.entityKilledBy.Skeleton":3,"achievement.buildSword":3,"achievement.mineWood":112,"stat.mineBlock.50":1,"stat.killEntity.Skeleton":1,"stat.breakItem.272":1,"stat.breakItem.274":2,"achievement.openInventory":39,"stat.breakItem.273":1,"stat.breakItem.275":1,"stat.killEntity.Chicken":14,"stat.craftItem.280":152,"stat.killEntity.Spider":4,"stat.mobKills":42,"achievement.killEnemy":11,"stat.craftItem.272":2,"stat.craftItem.273":3,"stat.craftItem.58":1,"stat.mineBlock.38":3,"stat.craftItem.274":4,"stat.deaths":8,"stat.mineBlock.37":4,"stat.craftItem.275":1,"stat.useItem.143":1,"stat.drop":87,"stat.useItem.269":81,"stat.useItem.268":46,"stat.playOneMinute":164424,"stat.craftItem.50":22,"stat.useItem.4":2,"stat.craftItem.270":2,"stat.craftItem.54":4,"stat.breakItem.269":1,"stat.useItem.3":310,"stat.craftItem.271":1,"stat.killEntity.Zombie":6,"stat.craftItem.269":1,"stat.useItem.17":1,"stat.useItem.270":83,"stat.mineBlock.31":355,"stat.diveOneCm":3221,"stat.useItem.272":279}