{"stat.leaveGame":6,"stat.mineBlock.13":4,"stat.mineBlock.16":1,"stat.mineBlock.18":1,"stat.mineBlock.17":2,"stat.jump":170,"stat.swimOneCm":350,"stat.fallOneCm":1769,"achievement.exploreAllBiomes":{"value":0,"progress":["ForestHills","Forest","River","Plains"]},"stat.craftItem.5":6,"stat.damageTaken":3845,"stat.mineBlock.3":161,"stat.mineBlock.1":135,"stat.useItem.54":2,"stat.flyOneCm":5484,"stat.useItem.50":18,"stat.entityKilledBy.Zombie":1,"stat.damageDealt":310,"stat.killEntity.Cow":1,"stat.useItem.274":98,"stat.useItem.273":124,"stat.useItem.275":1,"stat.walkOneCm":255133,"stat.playerKills":2,"stat.mineBlock.175":5,"achievement.mineWood":3,"stat.mineBlock.50":1,"stat.breakItem.270":1,"achievement.openInventory":20,"stat.craftItem.280":8,"stat.mobKills":2,"stat.entityKilledBy.Creeper":1,"stat.craftItem.273":1,"stat.mineBlock.38":2,"stat.deaths":3,"stat.drop":54,"stat.playOneMinute":52650,"stat.craftItem.50":30,"stat.useItem.4":15,"stat.craftItem.270":1,"stat.craftItem.54":2,"stat.useItem.3":130,"stat.killEntity.Zombie":1,"stat.useItem.270":56,"stat.mineBlock.31":94,"stat.diveOneCm":2800,"stat.useItem.272":62}