{"stat.killEntity.EntityHorse":1,"achievement.buildHoe":2,"stat.mineBlock.13":2,"stat.mineBlock.16":65,"stat.mineBlock.15":6,"stat.mineBlock.18":76,"stat.mineBlock.17":54,"stat.jump":525,"stat.swimOneCm":2379,"stat.fallOneCm":9514,"stat.craftItem.290":2,"achievement.buildWorkBench":1,"achievement.killCow":1,"stat.craftItem.324":1,"achievement.exploreAllBiomes":{"value":0,"progress":["ForestHills","Forest","River","Plains"]},"stat.craftItem.366":6,"stat.craftItem.5":54,"stat.damageTaken":3560,"stat.mineBlock.5":1,"stat.mineBlock.3":161,"stat.mineBlock.1":210,"stat.useItem.54":4,"stat.flyOneCm":3759,"stat.useItem.50":33,"achievement.buildPickaxe":4,"stat.damageDealt":3315,"achievement.buildBetterPickaxe":2,"stat.killEntity.Pig":5,"stat.useItem.58":1,"stat.useItem.274":202,"stat.useItem.273":99,"stat.useItem.275":74,"stat.walkOneCm":425320,"stat.craftItem.268":1,"stat.mineBlock.175":8,"stat.useItem.324":2,"stat.entityKilledBy.Skeleton":1,"achievement.buildSword":3,"achievement.mineWood":43,"stat.breakItem.274":1,"achievement.openInventory":28,"stat.killEntity.Chicken":12,"stat.craftItem.280":28,"stat.killEntity.Spider":1,"stat.mobKills":26,"achievement.killEnemy":6,"stat.craftItem.272":2,"stat.craftItem.273":2,"stat.craftItem.58":1,"stat.mineBlock.38":1,"stat.craftItem.274":2,"stat.deaths":4,"stat.mineBlock.37":2,"stat.craftItem.275":1,"stat.drop":59,"stat.useItem.269":81,"stat.useItem.268":46,"stat.playOneMinute":87175,"stat.craftItem.50":22,"stat.useItem.4":2,"stat.craftItem.270":2,"stat.craftItem.54":4,"stat.breakItem.269":1,"stat.useItem.3":110,"stat.craftItem.271":1,"stat.killEntity.Zombie":5,"stat.craftItem.269":1,"stat.useItem.17":1,"stat.useItem.270":83,"stat.mineBlock.31":113,"stat.diveOneCm":298,"stat.useItem.272":117}