{"stat.useItem.355":6,"stat.useItem.61":1,"stat.craftItem.345":1,"stat.useItem.359":170,"stat.leaveGame":9,"stat.mineBlock.81":2,"stat.craftItem.339":18,"stat.mineBlock.13":20,"stat.mineBlock.16":40,"stat.mineBlock.15":29,"stat.mineBlock.18":211,"stat.useItem.72":1,"stat.mineBlock.17":11,"stat.swimOneCm":24334,"stat.jump":1630,"stat.fallOneCm":31906,"achievement.buildWorkBench":4,"stat.craftItem.325":3,"achievement.exploreAllBiomes":{"value":0,"progress":["Savanna Plateau","ForestHills","Roofed Forest","Plains","Extreme Hills+ M","Beach","DesertHills","Forest","River","Ocean","Desert","Extreme Hills","Deep Ocean","Savanna"]},"stat.mineBlock.12":19,"stat.useItem.295":24,"stat.craftItem.364":11,"stat.craftItem.5":58,"stat.useItem.338":23,"stat.damageTaken":11105,"stat.mineBlock.3":1622,"stat.mineBlock.1":466,"stat.mineBlock.61":1,"stat.craftItem.359":1,"stat.useItem.54":21,"stat.flyOneCm":37024,"stat.useItem.50":179,"stat.craftItem.355":4,"stat.entityKilledBy.Zombie":3,"stat.damageDealt":2435,"stat.killEntity.Cow":2,"stat.mineBlock.72":1,"stat.killEntity.Pig":3,"stat.useItem.58":4,"stat.useItem.274":153,"stat.useItem.273":460,"stat.useItem.275":15,"stat.walkOneCm":1321485,"stat.craftItem.265":33,"stat.craftItem.267":2,"stat.playerKills":2,"stat.mineBlock.175":26,"stat.craftItem.258":1,"stat.mineBlock.58":2,"stat.useItem.324":1,"stat.craftItem.257":4,"stat.useItem.323":10,"achievement.buildSword":2,"achievement.mineWood":7,"stat.mineBlock.50":11,"stat.mineBlock.54":9,"stat.useItem.35":1,"stat.killEntity.Skeleton":3,"stat.breakItem.270":1,"stat.craftItem.323":24,"stat.useItem.257":346,"achievement.openInventory":93,"stat.breakItem.273":2,"stat.craftItem.280":150,"stat.killEntity.Spider":1,"stat.mobKills":13,"stat.entityKilledBy.Creeper":1,"stat.craftItem.273":3,"stat.mineBlock.35":1,"stat.mineBlock.38":5,"stat.useItem.6":1,"stat.craftItem.395":1,"stat.craftItem.58":2,"stat.deaths":11,"stat.drop":183,"stat.mineBlock.39":4,"stat.playOneMinute":289432,"stat.craftItem.50":390,"stat.useItem.4":28,"stat.craftItem.270":1,"stat.craftItem.54":14,"stat.useItem.3":510,"stat.killEntity.Zombie":4,"stat.useItem.270":56,"stat.mineBlock.32":1,"stat.mineBlock.31":378,"stat.diveOneCm":20735,"stat.useItem.272":106,"stat.useItem.271":8}