{"stat.useItem.355":7,"stat.useItem.61":1,"achievement.buildHoe":2,"stat.craftItem.61":1,"stat.mineBlock.13":40,"stat.mineBlock.16":192,"stat.mineBlock.15":17,"stat.mineBlock.18":65,"stat.mineBlock.17":93,"stat.jump":2247,"stat.swimOneCm":53036,"stat.craftItem.333":3,"stat.fallOneCm":37613,"stat.craftItem.291":2,"achievement.buildWorkBench":3,"achievement.killCow":2,"stat.craftItem.324":2,"achievement.exploreAllBiomes":{"value":0,"progress":["ForestHills","Birch Forest","Plains","TaigaHills","Extreme Hills+ M","Beach","Stone Beach","Extreme Hills+","Forest","River","Ocean","Taiga","Extreme Hills","Deep Ocean"]},"stat.mineBlock.12":50,"stat.boatOneCm":34215,"stat.craftItem.366":3,"stat.entityKilledBy.Spider":1,"stat.craftItem.5":274,"stat.useItem.338":6,"stat.damageTaken":4435,"stat.mineBlock.4":26,"stat.mineBlock.3":1175,"stat.mineBlock.1":682,"stat.flyOneCm":27559,"stat.useItem.50":16,"achievement.buildPickaxe":15,"stat.killEntity.Witch":1,"stat.entityKilledBy.Zombie":1,"stat.damageDealt":8790,"achievement.buildBetterPickaxe":14,"stat.killEntity.Cow":8,"stat.killEntity.Pig":13,"stat.mineBlock.73":5,"stat.useItem.58":5,"stat.mineBlock.78":64,"stat.useItem.274":784,"stat.useItem.273":621,"stat.killEntity.Bat":1,"stat.useItem.275":79,"stat.walkOneCm":1198862,"stat.craftItem.265":12,"stat.mineBlock.175":20,"stat.mineBlock.58":4,"stat.entityKilledBy.Skeleton":2,"achievement.buildSword":7,"achievement.mineWood":43,"stat.killEntity.Squid":2,"stat.mineBlock.50":1,"stat.useItem.290":16,"stat.killEntity.Skeleton":3,"stat.useItem.257":215,"stat.breakItem.274":5,"achievement.openInventory":160,"stat.breakItem.273":3,"stat.killEntity.Chicken":30,"stat.craftItem.280":228,"stat.killEntity.Spider":1,"stat.mobKills":72,"achievement.killEnemy":15,"stat.craftItem.272":7,"stat.craftItem.273":17,"achievement.buildFurnace":1,"stat.craftItem.274":12,"stat.craftItem.58":3,"stat.mineBlock.38":7,"stat.deaths":9,"stat.craftItem.275":5,"stat.mineBlock.37":1,"stat.useItem.267":2,"achievement.acquireIron":4,"stat.drop":226,"stat.mineBlock.39":6,"stat.playOneMinute":258980,"stat.craftItem.50":38,"stat.killEntity.Sheep":1,"stat.useItem.4":61,"stat.useItem.5":1,"stat.craftItem.270":1,"stat.useItem.3":376,"stat.killEntity.Zombie":10,"stat.useItem.270":32,"stat.mineBlock.31":228,"stat.diveOneCm":38959,"stat.useItem.272":227}