{"stat.useItem.355":5,"stat.killEntity.EntityHorse":4,"stat.craftItem.345":3,"stat.leaveGame":1,"stat.mineBlock.13":2,"stat.mineBlock.16":212,"stat.mineBlock.15":49,"stat.mineBlock.18":210,"stat.mineBlock.17":280,"stat.swimOneCm":24379,"stat.craftItem.72":2,"achievement.buildWorkBench":1,"stat.mineBlock.143":1,"stat.craftItem.324":1,"stat.craftItem.325":1,"achievement.exploreAllBiomes":{"value":0,"progress":["ForestHills","Beach","Stone Beach","Extreme Hills+","Forest","River","Plains","Taiga","Extreme Hills","TaigaHills","Extreme Hills+ M"]},"stat.mineBlock.12":8,"stat.craftItem.366":21,"stat.entityKilledBy.Spider":1,"stat.useItem.338":13,"stat.mineBlock.4":1,"stat.mineBlock.5":1,"stat.mineBlock.3":570,"stat.mineBlock.1":702,"stat.flyOneCm":23879,"achievement.buildPickaxe":6,"achievement.buildBetterPickaxe":4,"stat.craftItem.346":1,"stat.mineBlock.175":30,"stat.useItem.324":4,"stat.entityKilledBy.Skeleton":3,"achievement.buildSword":3,"achievement.mineWood":120,"stat.craftItem.320":44,"stat.breakItem.270":2,"stat.breakItem.272":2,"stat.breakItem.274":5,"achievement.openInventory":108,"stat.breakItem.273":1,"stat.breakItem.275":1,"achievement.killEnemy":17,"stat.craftItem.58":1,"stat.deaths":10,"stat.drop":130,"stat.playOneMinute":304521,"stat.craftItem.50":230,"stat.killEntity.Sheep":27,"stat.craftItem.54":4,"stat.breakItem.269":1,"stat.breakItem.268":1,"stat.killEntity.Zombie":8,"stat.fishCaught":3,"stat.diveOneCm":10868,"achievement.buildHoe":2,"stat.mineBlock.86":3,"stat.useItem.72":2,"stat.jump":2402,"stat.fallOneCm":37922,"stat.craftItem.290":2,"achievement.killCow":15,"stat.useItem.295":28,"stat.craftItem.5":852,"stat.damageTaken":7180,"stat.useItem.54":4,"stat.useItem.50":88,"stat.entityKilledBy.Zombie":2,"stat.damageDealt":14175,"stat.killEntity.Cow":22,"stat.killEntity.Pig":7,"stat.useItem.58":1,"stat.useItem.274":710,"stat.useItem.273":347,"stat.craftItem.143":1,"stat.useItem.275":238,"stat.walkOneCm":1520855,"stat.craftItem.265":44,"stat.craftItem.268":1,"stat.playerKills":2,"stat.mineBlock.50":10,"stat.useItem.291":38,"stat.mineBlock.56":1,"stat.killEntity.Skeleton":2,"stat.killEntity.Chicken":22,"stat.craftItem.280":280,"stat.killEntity.Spider":7,"stat.mobKills":102,"stat.craftItem.272":2,"stat.craftItem.273":3,"stat.mineBlock.38":7,"stat.craftItem.274":4,"stat.mineBlock.37":4,"stat.useItem.143":1,"stat.craftItem.275":1,"stat.useItem.269":81,"stat.useItem.268":77,"stat.useItem.4":87,"stat.craftItem.270":2,"stat.useItem.3":337,"stat.craftItem.271":1,"stat.useItem.17":1,"stat.craftItem.269":1,"stat.useItem.270":123,"stat.mineBlock.31":639,"stat.useItem.272":553}