{"stat.useItem.65":16,"stat.useItem.67":96,"stat.useItem.355":2,"stat.craftItem.67":172,"stat.craftItem.65":27,"stat.breakItem.257":4,"stat.mineBlock.14":21,"stat.mineBlock.13":23,"stat.mineBlock.16":413,"stat.craftItem.297":49,"stat.mineBlock.15":116,"stat.mineBlock.18":6,"stat.mineBlock.17":14,"stat.swimOneCm":28504,"stat.jump":1798,"stat.climbOneCm":55207,"stat.fallOneCm":16815,"achievement.buildWorkBench":1,"stat.craftItem.324":10,"achievement.exploreAllBiomes":{"value":0,"progress":["Savanna Plateau","DesertHills","Savanna Plateau M","River","Plains","Desert","Swampland","Savanna"]},"stat.mineBlock.12":189,"stat.useItem.295":314,"stat.craftItem.5":234,"stat.useItem.338":3,"stat.damageTaken":7265,"stat.mineBlock.4":79,"stat.mineBlock.5":1,"stat.mineBlock.111":12,"stat.mineBlock.3":625,"stat.mineBlock.1":1740,"stat.killEntity.Enderman":1,"stat.mineBlock.65":2,"stat.mineBlock.67":16,"stat.useItem.54":19,"stat.flyOneCm":32977,"stat.useItem.50":663,"achievement.buildPickaxe":28,"stat.craftItem.355":3,"stat.entityKilledBy.Zombie":4,"stat.useItem.107":4,"stat.damageDealt":10725,"achievement.buildBetterPickaxe":24,"stat.mineBlock.72":4,"stat.craftItem.107":3,"stat.mineBlock.73":43,"stat.useItem.58":2,"stat.useItem.274":794,"stat.useItem.20":58,"stat.killEntity.Bat":3,"stat.craftItem.143":2,"stat.walkOneCm":2689039,"stat.craftItem.265":48,"stat.craftItem.266":21,"stat.craftItem.267":1,"stat.craftItem.20":58,"stat.mineBlock.175":25,"stat.killEntity.Creeper":4,"stat.useItem.324":6,"stat.craftItem.256":1,"stat.craftItem.257":7,"achievement.buildSword":2,"achievement.mineWood":14,"stat.mineBlock.50":31,"stat.craftItem.126":42,"stat.mineBlock.107":11,"stat.entityKilledBy.Enderman":2,"stat.mineBlock.106":1,"stat.mineBlock.54":4,"stat.mineBlock.24":3,"stat.killEntity.Skeleton":9,"stat.breakItem.270":1,"stat.useItem.256":163,"stat.useItem.257":1175,"stat.breakItem.274":5,"achievement.openInventory":107,"stat.craftItem.280":344,"stat.mineBlock.162":21,"stat.killEntity.Spider":4,"stat.mobKills":42,"stat.mineBlock.20":3,"achievement.killEnemy":33,"stat.useItem.383":129,"stat.mineBlock.38":3,"stat.craftItem.58":2,"stat.craftItem.274":8,"stat.useItem.6":5,"stat.mineBlock.37":4,"stat.deaths":10,"stat.useItem.267":86,"stat.drop":211,"stat.useItem.269":58,"stat.playOneMinute":344353,"stat.craftItem.50":1252,"stat.useItem.4":496,"stat.useItem.5":60,"stat.craftItem.54":15,"stat.craftItem.270":2,"stat.craftItem.271":4,"stat.useItem.3":64,"stat.killEntity.Zombie":19,"stat.craftItem.269":2,"stat.useItem.270":82,"stat.useItem.13":2,"stat.mineBlock.32":1,"stat.mineBlock.31":700,"stat.diveOneCm":39528,"stat.useItem.272":65,"stat.useItem.271":61}