{"stat.useItem.274":278,"stat.craftItem.261":1,"stat.useItem.273":1029,"stat.craftItem.262":8,"stat.craftItem.143":3,"stat.walkOneCm":2235018,"stat.craftItem.265":32,"stat.useItem.355":1,"stat.breakItem.291":8,"stat.mineBlock.175":36,"stat.craftItem.297":10,"stat.jump":2002,"stat.swimOneCm":14288,"stat.useItem.324":7,"stat.fallOneCm":22062,"stat.climbOneCm":21562,"stat.craftItem.291":9,"stat.entityKilledBy.Skeleton":2,"stat.mineBlock.50":34,"stat.craftItem.324":6,"stat.mineBlock.107":7,"stat.craftItem.325":3,"achievement.exploreAllBiomes":{"value":0,"progress":["Savanna Plateau M","River","Plains","Desert","Swampland","Savanna"]},"stat.useItem.291":1137,"stat.useItem.295":350,"stat.killEntity.Skeleton":6,"stat.entityKilledBy.Spider":1,"stat.breakItem.274":1,"achievement.openInventory":180,"stat.breakItem.273":6,"stat.useItem.338":25,"stat.killEntity.Chicken":2,"stat.mineBlock.161":2,"stat.craftItem.280":288,"stat.damageTaken":2875,"stat.mineBlock.4":225,"stat.killEntity.Spider":4,"stat.mineBlock.5":7,"stat.mineBlock.111":1,"stat.mineBlock.3":1939,"stat.mineBlock.1":19,"stat.mobKills":29,"stat.craftItem.359":1,"stat.entityKilledBy.Creeper":1,"stat.craftItem.272":2,"stat.craftItem.393":10,"stat.craftItem.273":16,"stat.useItem.54":4,"stat.flyOneCm":52194,"stat.craftItem.274":6,"stat.craftItem.58":1,"stat.mineBlock.38":2,"stat.mineBlock.37":7,"stat.deaths":6,"stat.craftItem.275":1,"stat.useItem.267":24,"stat.drop":287,"stat.useItem.50":148,"stat.playOneMinute":343658,"stat.entityKilledBy.Zombie":1,"stat.useItem.107":67,"stat.useItem.4":1736,"stat.useItem.5":6,"stat.craftItem.54":5,"stat.useItem.3":1039,"stat.damageDealt":6500,"stat.killEntity.Zombie":16,"stat.killEntity.Pig":1,"stat.craftItem.107":64,"stat.mineBlock.32":3,"stat.diveOneCm":6185,"stat.mineBlock.31":1209,"stat.useItem.58":1,"stat.useItem.272":856}