{"stat.useItem.274":924,"stat.useItem.273":134,"stat.useItem.67":2,"stat.walkOneCm":1199340,"stat.craftItem.265":10,"stat.useItem.61":2,"stat.craftItem.267":1,"stat.craftItem.20":64,"stat.craftItem.61":2,"stat.leaveGame":1,"stat.breakItem.257":2,"stat.killEntity.Slime":1,"stat.mineBlock.175":9,"stat.mineBlock.81":3,"stat.mineBlock.86":6,"stat.mineBlock.58":1,"stat.mineBlock.13":41,"stat.mineBlock.16":217,"stat.mineBlock.15":37,"stat.mineBlock.18":10,"stat.useItem.72":7,"stat.mineBlock.17":51,"stat.jump":1167,"stat.swimOneCm":1118,"stat.craftItem.256":1,"stat.useItem.324":2,"stat.craftItem.257":1,"stat.climbOneCm":41292,"stat.fallOneCm":10507,"stat.craftItem.72":9,"achievement.mineWood":66,"stat.mineBlock.50":7,"stat.mineBlock.106":6,"achievement.exploreAllBiomes":{"value":0,"progress":["Savanna Plateau","DesertHills","Savanna Plateau M","River","Plains","Desert","Swampland","Savanna"]},"stat.mineBlock.54":1,"stat.mineBlock.56":6,"stat.mineBlock.12":190,"stat.killEntity.Skeleton":10,"stat.breakItem.270":2,"stat.useItem.256":24,"stat.useItem.257":596,"stat.breakItem.271":1,"stat.breakItem.274":7,"achievement.openInventory":80,"stat.craftItem.5":1178,"stat.breakItem.273":1,"stat.mineBlock.161":28,"stat.mineBlock.162":291,"stat.craftItem.280":312,"stat.damageTaken":5295,"stat.mineBlock.4":15,"stat.killEntity.Spider":7,"stat.mineBlock.3":234,"stat.mineBlock.1":1509,"stat.mobKills":67,"stat.mineBlock.21":4,"stat.mineBlock.66":25,"stat.craftItem.272":3,"stat.craftItem.273":1,"stat.useItem.54":6,"stat.flyOneCm":12120,"stat.craftItem.274":4,"stat.mineBlock.38":5,"stat.deaths":4,"stat.mineBlock.37":3,"stat.useItem.267":52,"stat.drop":26,"stat.useItem.50":183,"stat.useItem.269":40,"stat.playOneMinute":203795,"stat.killEntity.Witch":3,"stat.entityKilledBy.Zombie":2,"stat.craftItem.50":190,"stat.killEntity.Sheep":27,"stat.useItem.4":215,"stat.craftItem.54":3,"stat.craftItem.270":2,"stat.craftItem.271":1,"stat.useItem.3":8,"stat.damageDealt":12170,"stat.killEntity.Zombie":19,"stat.craftItem.269":1,"stat.mineBlock.72":2,"stat.mineBlock.73":25,"stat.useItem.270":129,"stat.mineBlock.32":2,"stat.mineBlock.31":639,"stat.diveOneCm":1994,"stat.useItem.58":1,"stat.useItem.272":442,"stat.useItem.271":225}